STATE,state,state_po,year,special,stage,share_dem,share_rep,pres_aprov,pres_disapp,pres_unsure,pres_party,party_pres_dem,inflation_rate,Annual Change,right_abortion,abortion_issue,poll_dem,poll_rep,poll_favor_dem,,
Utah,UTAH,UT,2018,FALSE,gen,33.0605,66.9395,39,55,6,republican,0,2.4426,0.31,No,1,28.04878049,71.95121951,0,,
North¬†Dakota,NORTH DAKOTA,ND,2016,FALSE,gen,17.7777,82.2223,56,42,2,democrat,1,1.2616,1.14,No,1,23.71134021,76.28865979,0,,
Utah,UTAH,UT,2016,FALSE,gen,28.4215,71.5785,56,42,2,democrat,1,1.2616,1.14,No,1,25,75,0,,
Idaho,IDAHO,ID,2016,FALSE,gen,29.5401,70.4599,56,42,2,democrat,1,1.2616,1.14,No,1,29.62962963,70.37037037,0,,
Idaho,IDAHO,ID,2020,FALSE,gen,34.6792,65.3208,43,55,2,republican,0,1.2336,-0.58,No,1,34.18845585,65.81154415,0,,
Oklahoma,OKLAHOMA,OK,2016,FALSE,gen,26.6240,73.3760,56,42,2,democrat,1,1.2616,1.14,No,1,30.20833333,69.79166667,0,,
South¬†Dakota,SOUTH DAKOTA,SD,2016,FALSE,gen,28.1721,71.8279,56,42,2,democrat,1,1.2616,1.14,No,1,32.29166667,67.70833333,0,,
Louisiana,LOUISIANA,LA,2020,FALSE,gen,36.5809,63.4191,43,55,2,republican,0,1.2336,-0.58,No,1,38.82352941,61.17647059,0,,
Alaska,ALASKA,AK,2016,FALSE,gen,20.7630,79.2370,56,42,2,democrat,1,1.2616,1.14,Yes,0,37.5,62.5,0,,
Louisiana,LOUISIANA,LA,2016,FALSE,gen,36.2652,63.7348,56,42,2,democrat,1,1.2616,1.14,No,1,37.07865169,62.92134831,0,,
Oklahoma,OKLAHOMA,OK,2020,FALSE,gen,34.2375,65.7625,43,55,2,republican,0,1.2336,-0.58,No,1,39.54983923,60.45016077,0,,
Kansas,KANSAS,KS,2016,FALSE,gen,34.1457,65.8543,56,42,2,democrat,1,1.2616,1.14,Yes,0,38.54166667,61.45833333,0,,
Alabama,ALABAMA,AL,2016,FALSE,gen,35.9298,64.0702,56,42,2,democrat,1,1.2616,1.14,No,1,40,60,0,,
South¬†Carolina,SOUTH CAROLINA,SC,2016,FALSE,gen,36.2018,63.7982,56,42,2,democrat,1,1.2616,1.14,No,1,39.17525773,60.82474227,0,,
Iowa,IOWA,IA,2016,FALSE,gen,37.2397,62.7603,56,42,2,democrat,1,1.2616,1.14,No,1,40.625,59.375,0,,
Ohio,OHIO,OH,2016,FALSE,gen,39.0366,60.9634,56,42,2,democrat,1,1.2616,1.14,No,1,40.625,59.375,0,,
Arizona,ARIZONA,AZ,2016,FALSE,gen,43.1302,56.8698,56,42,2,democrat,1,1.2616,1.14,No,1,43.15789474,56.84210526,0,,
Arkansas,ARKANSAS,AR,2016,FALSE,gen,37.7007,62.2993,56,42,2,democrat,1,1.2616,1.14,No,1,42.26804124,57.73195876,0,,
Georgia,GEORGIA,GA,2016,FALSE,gen,42.8246,57.1754,56,42,2,democrat,1,1.2616,1.14,No,1,44.08602151,55.91397849,0,,
Indiana,INDIANA,IN,2018,FALSE,gen,46.9185,53.0815,39,55,6,republican,0,2.4426,0.31,No,1,49.35064935,50.64935065,0,,
Florida,FLORIDA,FL,2016,FALSE,gen,46.0194,53.9806,56,42,2,democrat,1,1.2616,1.14,No,1,46.23655914,53.76344086,0,,
Indiana,INDIANA,IN,2016,FALSE,gen,44.8693,55.1307,56,42,2,democrat,1,1.2616,1.14,No,1,45.26315789,54.73684211,0,,
Alabama,ALABAMA,AL,2020,FALSE,gen,39.8035,60.1965,43,55,2,republican,0,1.2336,-0.58,No,1,43.17158579,56.82841421,0,,
Missouri,MISSOURI,MO,2016,FALSE,gen,48.5392,51.4608,56,42,2,democrat,1,1.2616,1.14,No,1,48.88888889,51.11111111,0,,
Missouri,MISSOURI,MO,2018,FALSE,gen,47.0017,52.9983,39,55,6,republican,0,2.4426,0.31,No,1,49.55654102,50.44345898,0,,
Alaska,ALASKA,AK,2020,FALSE,gen,43.3205,56.6795,43,55,2,republican,0,1.2336,-0.58,Yes,0,48.38709677,51.61290323,0,,
Kansas,KANSAS,KS,2020,FALSE,gen,43.9810,56.0190,43,55,2,republican,0,1.2336,-0.58,Yes,0,46.875,53.125,0,,
North¬†Carolina,NORTH CAROLINA,NC,2016,FALSE,gen,47.0464,52.9536,56,42,2,democrat,1,1.2616,1.14,No,1,49.45054945,50.54945055,0,,
Kentucky,KENTUCKY,KY,2016,FALSE,gen,42.7254,57.2746,56,42,2,democrat,1,1.2616,1.14,No,1,47.91666667,52.08333333,0,,
New¬†Hampshire,NEW HAMPSHIRE,NH,2016,FALSE,gen,50.0718,49.9282,56,42,2,democrat,1,1.2616,1.14,Yes,0,48.42105263,51.57894737,0,,
Kentucky,KENTUCKY,KY,2020,FALSE,gen,39.8257,60.1743,43,55,2,republican,0,1.2336,-0.58,No,1,48.53249476,51.46750524,0,,
Nevada,NEVADA,NV,2018,FALSE,gen,52.6238,47.3762,39,55,6,republican,0,2.4426,0.31,Yes,0,51.2568306,48.7431694,1,,
Arizona,ARIZONA,AZ,2018,FALSE,gen,51.2015,48.7985,39,55,6,republican,0,2.4426,0.31,No,1,50.67458176,49.32541824,1,,
Pennsylvania,PENNSYLVANIA,PA,2016,FALSE,gen,49.2548,50.7452,56,42,2,democrat,1,1.2616,1.14,No,1,50.53763441,49.46236559,1,,
Florida,FLORIDA,FL,2018,FALSE,gen,49.9387,50.0613,39,55,6,republican,0,2.4426,0.31,No,1,49.40135346,50.59864654,0,,
Iowa,IOWA,IA,2020,FALSE,gen,46.6004,53.3996,43,55,2,republican,0,1.2336,-0.58,No,1,50.52631579,49.47368421,1,,
Wisconsin,WISCONSIN,WI,2016,FALSE,gen,48.2667,51.7333,56,42,2,democrat,1,1.2616,1.14,No,1,49.48453608,50.51546392,0,,
Nevada,NEVADA,NV,2016,FALSE,gen,51.3232,48.6768,56,42,2,democrat,1,1.2616,1.14,Yes,0,53.26086957,46.73913043,1,,
Maryland,MARYLAND,MD,2018,FALSE,gen,68.1528,31.8472,39,55,6,republican,0,2.4426,0.31,Yes,0,69.67559944,30.32440056,1,,
Georgia,GEORGIA,GA,2021,TRUE,runoff,51.0439,48.9561,42,55,3,democrat,1,4.6979,3.46,No,1,50.6639428,49.3360572,1,,
Wisconsin,WISCONSIN,WI,2018,FALSE,gen,55.4186,44.5814,39,55,6,republican,0,2.4426,0.31,No,1,56.17977528,43.82022472,1,,
Georgia,GEORGIA,GA,2021,FALSE,runoff,50.6166,49.3834,42,55,3,democrat,1,4.6979,3.46,No,1,51.37755102,48.62244898,1,,
Pennsylvania,PENNSYLVANIA,PA,2018,FALSE,gen,56.5428,43.4572,39,55,6,republican,0,2.4426,0.31,No,1,53.68421053,46.31578947,1,,
Illinois,ILLINOIS,IL,2020,FALSE,gen,58.5649,41.4351,43,55,2,republican,0,1.2336,-0.58,Yes,0,64.85461441,35.14538559,1,,
Colorado,COLORADO,CO,2016,FALSE,gen,53.0045,46.9955,56,42,2,democrat,1,1.2616,1.14,Yes,0,53.60824742,46.39175258,1,,
Ohio,OHIO,OH,2018,FALSE,gen,53.4237,46.5763,39,55,6,republican,0,2.4426,0.31,No,1,55.20833333,44.79166667,1,,
Washington,WASHINGTON,WA,2018,FALSE,gen,58.4338,41.5662,39,55,6,republican,0,2.4426,0.31,Yes,0,57.60869565,42.39130435,1,,
Colorado,COLORADO,CO,2020,FALSE,gen,54.7716,45.2284,43,55,2,republican,0,1.2336,-0.58,Yes,0,55.74829932,44.25170068,1,,
Oregon,OREGON,OR,2020,FALSE,gen,59.1374,40.8626,43,55,2,republican,0,1.2336,-0.58,Yes,0,61.11111111,38.88888889,1,,
Illinois,ILLINOIS,IL,2016,FALSE,gen,57.9676,42.0324,56,42,2,democrat,1,1.2616,1.14,Yes,0,58.94736842,41.05263158,1,,
Connecticut,CONNECTICUT,CT,2018,FALSE,gen,59.0733,40.9267,39,55,6,republican,0,2.4426,0.31,Yes,0,62.3655914,37.6344086,1,,
Washington,WASHINGTON,WA,2016,FALSE,gen,59.0130,40.9870,56,42,2,democrat,1,1.2616,1.14,Yes,0,61.45833333,38.54166667,1,,
Connecticut,CONNECTICUT,CT,2016,FALSE,gen,62.4932,37.5068,56,42,2,democrat,1,1.2616,1.14,Yes,0,64.94845361,35.05154639,1,,
Oregon,OREGON,OR,2016,FALSE,gen,62.9258,37.0742,56,42,2,democrat,1,1.2616,1.14,Yes,0,66.31578947,33.68421053,1,,
Maryland,MARYLAND,MD,2016,FALSE,gen,63.0553,36.9447,56,42,2,democrat,1,1.2616,1.14,Yes,0,65.97938144,34.02061856,1,,
Hawaii,HAWAII,HI,2016,FALSE,gen,76.7936,23.2064,56,42,2,democrat,1,1.2616,1.14,Yes,0,72.91666667,27.08333333,1,,
New¬†York,NEW YORK,NY,2016,FALSE,gen,73.5112,26.4888,56,42,2,democrat,1,1.2616,1.14,Yes,0,73.95833333,26.04166667,1,,
Vermont,VERMONT,VT,2016,FALSE,gen,64.9733,35.0267,56,42,2,democrat,1,1.2616,1.14,Yes,0,75.75757576,24.24242424,1,,
Arizona,ARIZONA,AZ,2020,TRUE,gen,51.1734,48.8266,43,55,2,republican,0,1.2336,-0.58,No,1,53.06122449,46.93877551,1,,
Arkansas,ARKANSAS,AR,2020,FALSE,gen,0.0000,,43,55,2,republican,0,1.2336,-0.58,No,1,,,,,
New¬†Hampshire,NEW HAMPSHIRE,NH,2020,FALSE,gen,58.0147,41.9853,43,55,2,republican,0,1.2336,-0.58,Yes,0,58.7628866,41.2371134,1,,
North¬†Carolina,NORTH CAROLINA,NC,2020,FALSE,gen,49.0867,50.9133,43,55,2,republican,0,1.2336,-0.58,No,1,51.54639175,48.45360825,1,,
South¬†Carolina,SOUTH CAROLINA,SC,2020,FALSE,gen,44.7921,55.2079,43,55,2,republican,0,1.2336,-0.58,No,1,48.42105263,51.57894737,0,,
South¬†Dakota,SOUTH DAKOTA,SD,2020,FALSE,gen,34.2648,65.7352,43,55,2,republican,0,1.2336,-0.58,No,1,41.05263158,58.94736842,0,,
California,CALIFORNIA,CA,2018,FALSE,gen,100.0000,,39,55,6,republican,0,2.4426,0.31,Yes,0,,,1,,
Hawaii,HAWAII,HI,2018,FALSE,gen,71.1511,28.8489,39,55,6,republican,0,2.4426,0.31,Yes,0,70,30,1,,
New¬†York,NEW YORK,NY,2018,FALSE,gen,68.4568,31.5432,39,55,6,republican,0,2.4426,0.31,Yes,0,70,30,1,,
North¬†Dakota,NORTH DAKOTA,ND,2018,FALSE,gen,44.5473,55.4527,39,55,6,republican,0,2.4426,0.31,No,1,45,55,0,,
Vermont,VERMONT,VT,2018,FALSE,gen,0.0000,,39,55,6,republican,0,2.4426,0.31,Yes,0,,,,,
California,CALIFORNIA,CA,2016,FALSE,gen,100.0000,,56,42,2,democrat,1,1.2616,1.14,Yes,0,,,,,
Alabama,ALABAMA,AL,2014,FALSE,gen,0.0000,100.0000,39,56,5,democrat,1,1.6222,0.16,No,1,,,0,,
Alaska,ALASKA,AK,2014,FALSE,gen,48.8648,51.1352,39,56,5,democrat,1,1.6222,0.16,Yes,0,,,0,,
Arkansas,ARKANSAS,AR,2014,FALSE,gen,41.1042,58.8958,39,56,5,democrat,1,1.6222,0.16,No,1,,,0,,
Colorado,COLORADO,CO,2014,FALSE,gen,48.9708,51.0292,39,56,5,democrat,1,1.6222,0.16,Yes,0,,,0,,
Georgia,GEORGIA,GA,2014,FALSE,gen,46.0841,53.9159,39,56,5,democrat,1,1.6222,0.16,No,1,,,0,,
Hawaii,HAWAII,HI,2014,TRUE,gen,71.5787,28.4213,39,56,5,democrat,1,1.6222,0.16,Yes,0,,,1,,
Idaho,IDAHO,ID,2014,FALSE,gen,34.6716,65.3284,39,56,5,democrat,1,1.6222,0.16,No,1,,,0,,
Illinois,ILLINOIS,IL,2014,FALSE,gen,55.6387,44.3613,39,56,5,democrat,1,1.6222,0.16,Yes,0,,,1,,
Iowa,IOWA,IA,2014,FALSE,gen,45.6505,54.3495,39,56,5,democrat,1,1.6222,0.16,No,1,,,0,,
Kansas,KANSAS,KS,2014,FALSE,gen,0.0000,,39,56,5,democrat,1,1.6222,0.16,Yes,0,,,,,
Kentucky,KENTUCKY,KY,2014,FALSE,gen,42.0197,57.9803,39,56,5,democrat,1,1.6222,0.16,No,1,,,0,,
Louisiana,LOUISIANA,LA,2014,FALSE,gen,45.0420,54.9580,39,56,5,democrat,1,1.6222,0.16,No,1,,,0,,
New¬†Hampshire,NEW HAMPSHIRE,NH,2014,FALSE,gen,51.6275,48.3725,39,56,5,democrat,1,1.6222,0.16,Yes,0,,,1,,
North¬†Carolina,NORTH CAROLINA,NC,2014,FALSE,gen,49.1858,50.8142,39,56,5,democrat,1,1.6222,0.16,No,1,,,1,,
Oklahoma,OKLAHOMA,OK,2014,FALSE,gen,29.5666,70.4334,39,56,5,democrat,1,1.6222,0.16,No,1,,,0,,
Oklahoma,OKLAHOMA,OK,2014,TRUE,gen,29.9302,70.0698,39,56,5,democrat,1,1.6222,0.16,No,1,,,0,,
Oregon,OREGON,OR,2014,FALSE,gen,60.1852,39.8148,39,56,5,democrat,1,1.6222,0.16,Yes,0,,,1,,
South¬†Carolina,SOUTH CAROLINA,SC,2014,FALSE,gen,40.4301,59.5699,39,56,5,democrat,1,1.6222,0.16,No,1,,,0,,
South¬†Carolina,SOUTH CAROLINA,SC,2014,TRUE,gen,37.7699,62.2301,39,56,5,democrat,1,1.6222,0.16,No,1,,,0,,
South¬†Dakota,SOUTH DAKOTA,SD,2014,FALSE,gen,36.9431,63.0569,39,56,5,democrat,1,1.6222,0.16,No,1,,,0,,
Arizona,ARIZONA,AZ,2012,FALSE,gen,48.4139,51.5861,49,45,6,democrat,1,2.0693,-1.09,No,1,,,0,,
California,CALIFORNIA,CA,2012,FALSE,gen,62.5243,37.4757,49,45,6,democrat,1,2.0693,-1.09,Yes,0,,,1,,
Connecticut,CONNECTICUT,CT,2012,FALSE,gen,56.7409,43.2591,49,45,6,democrat,1,2.0693,-1.09,Yes,0,,,1,,
Florida,FLORIDA,FL,2012,FALSE,gen,56.6726,43.3274,49,45,6,democrat,1,2.0693,-1.09,No,1,,,1,,
Hawaii,HAWAII,HI,2012,FALSE,gen,62.6015,37.3985,49,45,6,democrat,1,2.0693,-1.09,Yes,0,,,1,,
Indiana,INDIANA,IN,2012,FALSE,gen,53.0553,46.9447,49,45,6,democrat,1,2.0693,-1.09,No,1,,,1,,
Maryland,MARYLAND,MD,2012,FALSE,gen,68.0116,31.9884,49,45,6,democrat,1,2.0693,-1.09,Yes,0,,,1,,
Missouri,MISSOURI,MO,2012,FALSE,gen,58.3578,41.6422,49,45,6,democrat,1,2.0693,-1.09,No,1,,,1,,
Nevada,NEVADA,NV,2012,FALSE,gen,49.3595,50.6405,49,45,6,democrat,1,2.0693,-1.09,Yes,0,,,0,,
New¬†York,NEW YORK,NY,2012,FALSE,gen,74.4781,25.5219,49,45,6,democrat,1,2.0693,-1.09,Yes,0,,,1,,
North¬†Dakota,NORTH DAKOTA,ND,2012,FALSE,gen,50.4591,49.5409,49,45,6,democrat,1,2.0693,-1.09,No,1,,,0,,
Ohio,OHIO,OH,2012,FALSE,gen,53.1450,46.8550,49,45,6,democrat,1,2.0693,-1.09,No,1,,,1,,
Pennsylvania,PENNSYLVANIA,PA,2012,FALSE,gen,54.6310,45.3690,49,45,6,democrat,1,2.0693,-1.09,No,1,,,1,,
Utah,UTAH,UT,2012,FALSE,gen,31.4621,68.5379,49,45,6,democrat,1,2.0693,-1.09,No,1,,,0,,
Vermont,VERMONT,VT,2012,FALSE,gen,0.0000,,49,45,6,democrat,1,2.0693,-1.09,Yes,0,,,1,,
Washington,WASHINGTON,WA,2012,FALSE,gen,60.4510,39.5490,49,45,6,democrat,1,2.0693,-1.09,Yes,0,,,1,,
Wisconsin,WISCONSIN,WI,2012,FALSE,gen,52.8522,47.1478,49,45,6,democrat,1,2.0693,-1.09,No,1,,,1,,
Alabama,ALABAMA,AL,2010,FALSE,gen,34.7499,65.2501,46,46,8,democrat,1,1.64,2,No,1,,,,,
Alaska,ALASKA,AK,2010,FALSE,gen,39.7955,60.2045,46,46,8,democrat,1,1.64,2,Yes,0,,,,,
Arizona,ARIZONA,AZ,2010,FALSE,gen,37.0557,62.9443,46,46,8,democrat,1,1.64,2,No,1,,,,,
Arkansas,ARKANSAS,AR,2010,FALSE,gen,38.9519,61.0481,46,46,8,democrat,1,1.64,2,No,1,,,,,
California,CALIFORNIA,CA,2010,FALSE,gen,55.3047,44.6953,46,46,8,democrat,1,1.64,2,Yes,0,,,,,
Colorado,COLORADO,CO,2010,FALSE,gen,50.8618,49.1382,46,46,8,democrat,1,1.64,2,Yes,0,,,,,
Connecticut,CONNECTICUT,CT,2010,FALSE,gen,54.8418,45.1582,46,46,8,democrat,1,1.64,2,Yes,0,,,,,
Florida,FLORIDA,FL,2010,FALSE,gen,29.2332,70.7668,46,46,8,democrat,1,1.64,2,No,1,,,,,
Georgia,GEORGIA,GA,2010,FALSE,gen,40.0783,59.9217,46,46,8,democrat,1,1.64,2,No,1,,,,,
Hawaii,HAWAII,HI,2010,FALSE,gen,77.6186,22.3814,46,46,8,democrat,1,1.64,2,Yes,0,,,,,
Idaho,IDAHO,ID,2010,FALSE,gen,25.9385,74.0615,46,46,8,democrat,1,1.64,2,No,1,,,,,
Illinois,ILLINOIS,IL,2010,TRUE,gen,49.1536,50.8464,46,46,8,democrat,1,1.64,2,Yes,0,,,,,
Indiana,INDIANA,IN,2010,FALSE,gen,42.2922,57.7078,46,46,8,democrat,1,1.64,2,No,1,,,,,
Iowa,IOWA,IA,2010,FALSE,gen,34.1027,65.8973,46,46,8,democrat,1,1.64,2,No,1,,,,,
Kansas,KANSAS,KS,2010,FALSE,gen,27.3430,72.6570,46,46,8,democrat,1,1.64,2,Yes,0,,,,,
Kentucky,KENTUCKY,KY,2010,FALSE,gen,44.2595,55.7405,46,46,8,democrat,1,1.64,2,No,1,,,,,
Louisiana,LOUISIANA,LA,2010,FALSE,gen,39.9813,60.0187,46,46,8,democrat,1,1.64,2,No,1,,,,,
Maryland,MARYLAND,MD,2010,FALSE,gen,63.4987,36.5013,46,46,8,democrat,1,1.64,2,Yes,0,,,,,
Missouri,MISSOURI,MO,2010,FALSE,gen,42.8297,57.1703,46,46,8,democrat,1,1.64,2,No,1,,,,,
Nevada,NEVADA,NV,2010,FALSE,gen,53.0274,46.9726,46,46,8,democrat,1,1.64,2,Yes,0,,,,,
New¬†Hampshire,NEW HAMPSHIRE,NH,2010,FALSE,gen,38.0125,61.9875,46,46,8,democrat,1,1.64,2,Yes,0,,,,,
New¬†York,NEW YORK,NY,2010,FALSE,gen,71.0878,28.9122,46,46,8,democrat,1,1.64,2,Yes,0,,,,,
New¬†York,NEW YORK,NY,2010,TRUE,gen,67.9523,32.0477,46,46,8,democrat,1,1.64,2,Yes,0,,,,,
North¬†Carolina,NORTH CAROLINA,NC,2010,FALSE,gen,43.9885,56.0115,46,46,8,democrat,1,1.64,2,No,1,,,,,
North¬†Dakota,NORTH DAKOTA,ND,2010,FALSE,gen,22.5682,77.4318,46,46,8,democrat,1,1.64,2,No,1,,,,,
Ohio,OHIO,OH,2010,FALSE,gen,40.9390,59.0610,46,46,8,democrat,1,1.64,2,No,1,,,,,
Oklahoma,OKLAHOMA,OK,2010,FALSE,gen,27.0055,72.9945,46,46,8,democrat,1,1.64,2,No,1,,,,,
Oregon,OREGON,OR,2010,FALSE,gen,59.3162,40.6838,46,46,8,democrat,1,1.64,2,Yes,0,,,,,
Pennsylvania,PENNSYLVANIA,PA,2010,FALSE,gen,48.9915,51.0085,46,46,8,democrat,1,1.64,2,No,1,,,,,
South¬†Carolina,SOUTH CAROLINA,SC,2010,FALSE,gen,31.0199,68.9801,46,46,8,democrat,1,1.64,2,No,1,,,,,
South¬†Dakota,SOUTH DAKOTA,SD,2010,FALSE,gen,0.0000,,46,46,8,democrat,1,1.64,2,No,1,,,,,
Utah,UTAH,UT,2010,FALSE,gen,34.7256,65.2744,46,46,8,democrat,1,1.64,2,No,1,,,,,
Vermont,VERMONT,VT,2010,FALSE,gen,67.5422,32.4578,46,46,8,democrat,1,1.64,2,Yes,0,,,,,
Washington,WASHINGTON,WA,2010,FALSE,gen,52.3648,47.6352,46,46,8,democrat,1,1.64,2,Yes,0,,,,,
Wisconsin,WISCONSIN,WI,2010,FALSE,gen,47.5508,52.4492,46,46,8,democrat,1,1.64,2,No,1,,,,,
Alabama,ALABAMA,AL,2008,FALSE,gen,36.5633,63.4367,28,68,5,republican,0,3.8391,0.99,No,1,,,,,
Alaska,ALASKA,AK,2008,FALSE,gen,50.6598,49.3402,28,68,5,republican,0,3.8391,0.99,Yes,0,,,,,
Arkansas,ARKANSAS,AR,2008,FALSE,gen,100.0000,,28,68,5,republican,0,3.8391,0.99,No,1,,,,,
Colorado,COLORADO,CO,2008,FALSE,gen,55.4065,44.5935,28,68,5,republican,0,3.8391,0.99,Yes,0,,,,,
Georgia,GEORGIA,GA,2008,FALSE,gen,42.5604,57.4396,28,68,5,republican,0,3.8391,0.99,No,1,,,,,
Idaho,IDAHO,ID,2008,FALSE,gen,37.1679,62.8321,28,68,5,republican,0,3.8391,0.99,No,1,,,,,
Illinois,ILLINOIS,IL,2008,FALSE,gen,70.3956,29.6044,28,68,5,republican,0,3.8391,0.99,Yes,0,,,,,
Iowa,IOWA,IA,2008,FALSE,gen,62.7078,37.2922,28,68,5,republican,0,3.8391,0.99,No,1,,,,,
Kansas,KANSAS,KS,2008,FALSE,gen,37.7742,62.2258,28,68,5,republican,0,3.8391,0.99,Yes,0,,,,,
Kentucky,KENTUCKY,KY,2008,FALSE,gen,47.0344,52.9656,28,68,5,republican,0,3.8391,0.99,No,1,,,,,
Louisiana,LOUISIANA,LA,2008,FALSE,gen,53.2639,46.7361,28,68,5,republican,0,3.8391,0.99,No,1,,,,,
New¬†Hampshire,NEW HAMPSHIRE,NH,2008,FALSE,gen,53.2723,46.7277,28,68,5,republican,0,3.8391,0.99,Yes,0,,,,,
North¬†Carolina,NORTH CAROLINA,NC,2008,FALSE,gen,54.3729,45.6271,28,68,5,republican,0,3.8391,0.99,No,1,,,,,
Oklahoma,OKLAHOMA,OK,2008,FALSE,gen,40.8746,59.1254,28,68,5,republican,0,3.8391,0.99,No,1,,,,,
Oregon,OREGON,OR,2008,FALSE,gen,51.7739,48.2261,28,68,5,republican,0,3.8391,0.99,Yes,0,,,,,
South¬†Carolina,SOUTH CAROLINA,SC,2008,FALSE,gen,42.3436,57.6564,28,68,5,republican,0,3.8391,0.99,No,1,,,,,
South¬†Dakota,SOUTH DAKOTA,SD,2008,FALSE,gen,62.4917,37.5083,28,68,5,republican,0,3.8391,0.99,No,1,,,,,
Arizona,ARIZONA,AZ,2006,FALSE,gen,44.9187,55.0813,38,56,6,republican,0,3.2259,-0.17,No,1,,,,,
California,CALIFORNIA,CA,2006,FALSE,gen,62.9257,37.0743,38,56,6,republican,0,3.2259,-0.17,Yes,0,,,,,
Connecticut,CONNECTICUT,CT,2006,FALSE,gen,80.5018,19.4982,38,56,6,republican,0,3.2259,-0.17,Yes,0,,,,,
Florida,FLORIDA,FL,2006,FALSE,gen,61.2836,38.7164,38,56,6,republican,0,3.2259,-0.17,No,1,,,,,
Hawaii,HAWAII,HI,2006,FALSE,gen,62.5188,37.4812,38,56,6,republican,0,3.2259,-0.17,Yes,0,,,,,
Indiana,INDIANA,IN,2006,FALSE,gen,0.0000,,38,56,6,republican,0,3.2259,-0.17,No,1,,,,,
Maryland,MARYLAND,MD,2006,FALSE,gen,55.0864,44.9136,38,56,6,republican,0,3.2259,-0.17,Yes,0,,,,,
Missouri,MISSOURI,MO,2006,FALSE,gen,51.1714,48.8286,38,56,6,republican,0,3.2259,-0.17,No,1,,,,,
Nevada,NEVADA,NV,2006,FALSE,gen,42.5436,57.4564,38,56,6,republican,0,3.2259,-0.17,Yes,0,,,,,
New¬†York,NEW YORK,NY,2006,FALSE,gen,68.9940,31.0060,38,56,6,republican,0,3.2259,-0.17,Yes,0,,,,,
North¬†Dakota,NORTH DAKOTA,ND,2006,FALSE,gen,69.9776,30.0224,38,56,6,republican,0,3.2259,-0.17,No,1,,,,,
Ohio,OHIO,OH,2006,FALSE,gen,56.1757,43.8243,38,56,6,republican,0,3.2259,-0.17,No,1,,,,,
Pennsylvania,PENNSYLVANIA,PA,2006,FALSE,gen,58.6838,41.3162,38,56,6,republican,0,3.2259,-0.17,No,1,,,,,
Utah,UTAH,UT,2006,FALSE,gen,33.2509,66.7491,38,56,6,republican,0,3.2259,-0.17,No,1,,,,,
Vermont,VERMONT,VT,2006,FALSE,gen,0.0000,,38,56,6,republican,0,3.2259,-0.17,Yes,0,,,,,
Washington,WASHINGTON,WA,2006,FALSE,gen,58.7406,41.2594,38,56,6,republican,0,3.2259,-0.17,Yes,0,,,,,
Wisconsin,WISCONSIN,WI,2006,FALSE,gen,69.5436,30.4564,38,56,6,republican,0,3.2259,-0.17,No,1,,,,,
Alabama,ALABAMA,AL,2004,FALSE,gen,32.3869,67.6131,53,44,2,republican,0,2.6772,0.41,No,1,,,,,
Alaska,ALASKA,AK,2004,FALSE,gen,48.3892,51.6108,53,44,2,republican,0,2.6772,0.41,Yes,0,,,,,
Arizona,ARIZONA,AZ,2004,FALSE,gen,21.1797,78.8203,53,44,2,republican,0,2.6772,0.41,No,1,,,,,
Arkansas,ARKANSAS,AR,2004,FALSE,gen,55.9161,44.0839,53,44,2,republican,0,2.6772,0.41,No,1,,,,,
California,CALIFORNIA,CA,2004,FALSE,gen,60.4234,39.5766,53,44,2,republican,0,2.6772,0.41,Yes,0,,,,,
Colorado,COLORADO,CO,2004,FALSE,gen,52.4376,47.5624,53,44,2,republican,0,2.6772,0.41,Yes,0,,,,,
Connecticut,CONNECTICUT,CT,2004,FALSE,gen,67.3758,32.6242,53,44,2,republican,0,2.6772,0.41,Yes,0,,,,,
Florida,FLORIDA,FL,2004,FALSE,gen,49.4309,50.5691,53,44,2,republican,0,2.6772,0.41,No,1,,,,,
Georgia,GEORGIA,GA,2004,FALSE,gen,40.8545,59.1455,53,44,2,republican,0,2.6772,0.41,No,1,,,,,
Hawaii,HAWAII,HI,2004,FALSE,gen,78.2506,21.7494,53,44,2,republican,0,2.6772,0.41,Yes,0,,,,,
Idaho,IDAHO,ID,2004,FALSE,gen,0.0000,,53,44,2,republican,0,2.6772,0.41,No,1,,,,,
Illinois,ILLINOIS,IL,2004,FALSE,gen,72.1201,27.8799,53,44,2,republican,0,2.6772,0.41,Yes,0,,,,,
Indiana,INDIANA,IN,2004,FALSE,gen,62.3509,37.6491,53,44,2,republican,0,2.6772,0.41,No,1,,,,,
Iowa,IOWA,IA,2004,FALSE,gen,28.4284,71.5716,53,44,2,republican,0,2.6772,0.41,No,1,,,,,
Kansas,KANSAS,KS,2004,FALSE,gen,28.4400,71.5600,53,44,2,republican,0,2.6772,0.41,Yes,0,,,,,
Kentucky,KENTUCKY,KY,2004,FALSE,gen,49.3432,50.6568,53,44,2,republican,0,2.6772,0.41,No,1,,,,,
Louisiana,LOUISIANA,LA,2004,FALSE,gen,48.2002,51.7998,53,44,2,republican,0,2.6772,0.41,No,1,,,,,
Maryland,MARYLAND,MD,2004,FALSE,gen,65.7718,34.2282,53,44,2,republican,0,2.6772,0.41,Yes,0,,,,,
Missouri,MISSOURI,MO,2004,FALSE,gen,43.2776,56.7224,53,44,2,republican,0,2.6772,0.41,No,1,,,,,
Nevada,NEVADA,NV,2004,FALSE,gen,63.4817,36.5183,53,44,2,republican,0,2.6772,0.41,Yes,0,,,,,
New¬†Hampshire,NEW HAMPSHIRE,NH,2004,FALSE,gen,33.7523,66.2477,53,44,2,republican,0,2.6772,0.41,Yes,0,,,,,
New¬†York,NEW YORK,NY,2004,FALSE,gen,72.9605,27.0395,53,44,2,republican,0,2.6772,0.41,Yes,0,,,,,
North¬†Carolina,NORTH CAROLINA,NC,2004,FALSE,gen,47.6793,52.3207,53,44,2,republican,0,2.6772,0.41,No,1,,,,,
North¬†Dakota,NORTH DAKOTA,ND,2004,FALSE,gen,68.2799,31.7201,53,44,2,republican,0,2.6772,0.41,No,1,,,,,
Ohio,OHIO,OH,2004,FALSE,gen,36.1471,63.8529,53,44,2,republican,0,2.6772,0.41,No,1,,,,,
Oklahoma,OKLAHOMA,OK,2004,FALSE,gen,43.8728,56.1272,53,44,2,republican,0,2.6772,0.41,No,1,,,,,
Oregon,OREGON,OR,2004,FALSE,gen,66.6316,33.3684,53,44,2,republican,0,2.6772,0.41,Yes,0,,,,,
Pennsylvania,PENNSYLVANIA,PA,2004,FALSE,gen,44.3817,55.6183,53,44,2,republican,0,2.6772,0.41,No,1,,,,,
South¬†Carolina,SOUTH CAROLINA,SC,2004,FALSE,gen,45.1080,54.8920,53,44,2,republican,0,2.6772,0.41,No,1,,,,,
South¬†Dakota,SOUTH DAKOTA,SD,2004,FALSE,gen,49.4238,50.5762,53,44,2,republican,0,2.6772,0.41,No,1,,,,,
Utah,UTAH,UT,2004,FALSE,gen,29.2408,70.7592,53,44,2,republican,0,2.6772,0.41,No,1,,,,,
Vermont,VERMONT,VT,2004,FALSE,gen,74.2114,25.7886,53,44,2,republican,0,2.6772,0.41,Yes,0,,,,,
Washington,WASHINGTON,WA,2004,FALSE,gen,56.2652,43.7348,53,44,2,republican,0,2.6772,0.41,Yes,0,,,,,
Wisconsin,WISCONSIN,WI,2004,FALSE,gen,55.6498,44.3502,53,44,2,republican,0,2.6772,0.41,No,1,,,,,
Alabama,ALABAMA,AL,2002,FALSE,gen,40.4734,59.5266,68,26,4,republican,0,1.586,-1.24,No,1,,,,,
Alaska,ALASKA,AK,2002,FALSE,gen,11.8548,88.1452,68,26,4,republican,0,1.586,-1.24,Yes,0,,,,,
Arkansas,ARKANSAS,AR,2002,FALSE,gen,53.8956,46.1044,68,26,4,republican,0,1.586,-1.24,No,1,,,,,
Colorado,COLORADO,CO,2002,FALSE,gen,47.4465,52.5535,68,26,4,republican,0,1.586,-1.24,Yes,0,,,,,
Georgia,GEORGIA,GA,2002,FALSE,gen,46.5333,53.4667,68,26,4,republican,0,1.586,-1.24,No,1,,,,,
Idaho,IDAHO,ID,2002,FALSE,gen,33.3112,66.6888,68,26,4,republican,0,1.586,-1.24,No,1,,,,,
Illinois,ILLINOIS,IL,2002,FALSE,gen,61.3438,38.6562,68,26,4,republican,0,1.586,-1.24,Yes,0,,,,,
Iowa,IOWA,IA,2002,FALSE,gen,55.3078,44.6922,68,26,4,republican,0,1.586,-1.24,No,1,,,,,
Kansas,KANSAS,KS,2002,FALSE,gen,0.0000,,68,26,4,republican,0,1.586,-1.24,Yes,0,,,,,
Kentucky,KENTUCKY,KY,2002,FALSE,gen,35.3248,64.6752,68,26,4,republican,0,1.586,-1.24,No,1,,,,,
Louisiana,LOUISIANA,LA,2002,FALSE,gen,50.1260,49.8740,68,26,4,republican,0,1.586,-1.24,No,1,,,,,
Missouri,MISSOURI,MO,2002,TRUE,gen,49.4252,50.5748,68,26,4,republican,0,1.586,-1.24,No,1,,,,,
New¬†Hampshire,NEW HAMPSHIRE,NH,2002,FALSE,gen,47.7282,52.2718,68,26,4,republican,0,1.586,-1.24,Yes,0,,,,,
North¬†Carolina,NORTH CAROLINA,NC,2002,FALSE,gen,45.6310,54.3690,68,26,4,republican,0,1.586,-1.24,No,1,,,,,
Oklahoma,OKLAHOMA,OK,2002,FALSE,gen,38.7876,61.2124,68,26,4,republican,0,1.586,-1.24,No,1,,,,,
Oregon,OREGON,OR,2002,FALSE,gen,41.3362,58.6638,68,26,4,republican,0,1.586,-1.24,Yes,0,,,,,
South¬†Carolina,SOUTH CAROLINA,SC,2002,FALSE,gen,44.8200,55.1800,68,26,4,republican,0,1.586,-1.24,No,1,,,,,
South¬†Dakota,SOUTH DAKOTA,SD,2002,FALSE,gen,50.0795,49.9205,68,26,4,republican,0,1.586,-1.24,No,1,,,,,
Arizona,ARIZONA,AZ,2000,FALSE,gen,0.0000,100.0000,63,32,4,democrat,1,3.3769,1.19,No,1,,,,,
California,CALIFORNIA,CA,2000,FALSE,gen,60.4165,39.5835,63,32,4,democrat,1,3.3769,1.19,Yes,0,,,,,
Connecticut,CONNECTICUT,CT,2000,FALSE,gen,64.9112,35.0888,63,32,4,democrat,1,3.3769,1.19,Yes,0,,,,,
Florida,FLORIDA,FL,2000,FALSE,gen,52.4947,47.5053,63,32,4,democrat,1,3.3769,1.19,No,1,,,,,
Georgia,GEORGIA,GA,2000,TRUE,gen,100.0000,,63,32,4,democrat,1,3.3769,1.19,No,1,,,,,
Hawaii,HAWAII,HI,2000,FALSE,gen,74.7851,25.2149,63,32,4,democrat,1,3.3769,1.19,Yes,0,,,,,
Indiana,INDIANA,IN,2000,FALSE,gen,32.3639,67.6361,63,32,4,democrat,1,3.3769,1.19,No,1,,,,,
Maryland,MARYLAND,MD,2000,FALSE,gen,63.2335,36.7665,63,32,4,democrat,1,3.3769,1.19,Yes,0,,,,,
Missouri,MISSOURI,MO,2000,FALSE,gen,51.0485,48.9515,63,32,4,democrat,1,3.3769,1.19,No,1,,,,,
Nevada,NEVADA,NV,2000,FALSE,gen,41.8774,58.1226,63,32,4,democrat,1,3.3769,1.19,Yes,0,,,,,
New¬†York,NEW YORK,NY,2000,FALSE,gen,56.6632,43.3368,63,32,4,democrat,1,3.3769,1.19,Yes,0,,,,,
North¬†Dakota,NORTH DAKOTA,ND,2000,FALSE,gen,61.3725,38.6275,63,32,4,democrat,1,3.3769,1.19,No,1,,,,,
Ohio,OHIO,OH,2000,FALSE,gen,37.4378,62.5622,63,32,4,democrat,1,3.3769,1.19,No,1,,,,,
Pennsylvania,PENNSYLVANIA,PA,2000,FALSE,gen,46.4733,53.5267,63,32,4,democrat,1,3.3769,1.19,No,1,,,,,
Utah,UTAH,UT,2000,FALSE,gen,32.4563,67.5437,63,32,4,democrat,1,3.3769,1.19,No,1,,,,,
Vermont,VERMONT,VT,2000,FALSE,gen,27.9452,72.0548,63,32,4,democrat,1,3.3769,1.19,Yes,0,,,,,
Washington,WASHINGTON,WA,2000,FALSE,gen,50.0465,49.9535,63,32,4,democrat,1,3.3769,1.19,Yes,0,,,,,
Wisconsin,WISCONSIN,WI,2000,FALSE,gen,62.4301,37.5699,63,32,4,democrat,1,3.3769,1.19,No,1,,,,,
Alabama,ALABAMA,AL,1998,FALSE,gen,36.7159,63.2841,65,31,3,democrat,1,1.5523,-0.79,No,1,,,,,
Alaska,ALASKA,AK,1998,FALSE,gen,20.9327,79.0673,65,31,3,democrat,1,1.5523,-0.79,Yes,0,,,,,
Arizona,ARIZONA,AZ,1998,FALSE,gen,28.3210,71.6790,65,31,3,democrat,1,1.5523,-0.79,No,1,,,,,
Arkansas,ARKANSAS,AR,1998,FALSE,gen,56.6013,43.3987,65,31,3,democrat,1,1.5523,-0.79,No,1,,,,,
California,CALIFORNIA,CA,1998,FALSE,gen,55.2283,44.7717,65,31,3,democrat,1,1.5523,-0.79,Yes,0,,,,,
Colorado,COLORADO,CO,1998,FALSE,gen,35.9126,64.0874,65,31,3,democrat,1,1.5523,-0.79,Yes,0,,,,,
Connecticut,CONNECTICUT,CT,1998,FALSE,gen,66.8067,33.1933,65,31,3,democrat,1,1.5523,-0.79,Yes,0,,,,,
Florida,FLORIDA,FL,1998,FALSE,gen,62.4694,37.5306,65,31,3,democrat,1,1.5523,-0.79,No,1,,,,,
Georgia,GEORGIA,GA,1998,FALSE,gen,46.2982,53.7018,65,31,3,democrat,1,1.5523,-0.79,No,1,,,,,
Hawaii,HAWAII,HI,1998,FALSE,gen,81.6258,18.3742,65,31,3,democrat,1,1.5523,-0.79,Yes,0,,,,,
Idaho,IDAHO,ID,1998,FALSE,gen,28.9935,71.0065,65,31,3,democrat,1,1.5523,-0.79,No,1,,,,,
Illinois,ILLINOIS,IL,1998,FALSE,gen,48.5157,51.4843,65,31,3,democrat,1,1.5523,-0.79,Yes,0,,,,,
Indiana,INDIANA,IN,1998,FALSE,gen,64.6811,35.3189,65,31,3,democrat,1,1.5523,-0.79,No,1,,,,,
Iowa,IOWA,IA,1998,FALSE,gen,30.8309,69.1691,65,31,3,democrat,1,1.5523,-0.79,No,1,,,,,
Kansas,KANSAS,KS,1998,FALSE,gen,32.6139,67.3861,65,31,3,democrat,1,1.5523,-0.79,Yes,0,,,,,
Kentucky,KENTUCKY,KY,1998,FALSE,gen,49.7014,50.2986,65,31,3,democrat,1,1.5523,-0.79,No,1,,,,,
Louisiana,LOUISIANA,LA,1998,FALSE,gen,66.7102,33.2898,65,31,3,democrat,1,1.5523,-0.79,No,1,,,,,
Maryland,MARYLAND,MD,1998,FALSE,gen,70.5040,29.4960,65,31,3,democrat,1,1.5523,-0.79,Yes,0,,,,,
Missouri,MISSOURI,MO,1998,FALSE,gen,45.3835,54.6165,65,31,3,democrat,1,1.5523,-0.79,No,1,,,,,
Nevada,NEVADA,NV,1998,FALSE,gen,50.0481,49.9519,65,31,3,democrat,1,1.5523,-0.79,Yes,0,,,,,
New¬†Hampshire,NEW HAMPSHIRE,NH,1998,FALSE,gen,29.3964,70.6036,65,31,3,democrat,1,1.5523,-0.79,Yes,0,,,,,
New¬†York,NEW YORK,NY,1998,FALSE,gen,58.6820,41.3180,65,31,3,democrat,1,1.5523,-0.79,Yes,0,,,,,
North¬†Carolina,NORTH CAROLINA,NC,1998,FALSE,gen,52.1085,47.8915,65,31,3,democrat,1,1.5523,-0.79,No,1,,,,,
North¬†Dakota,NORTH DAKOTA,ND,1998,FALSE,gen,64.2387,35.7613,65,31,3,democrat,1,1.5523,-0.79,No,1,,,,,
Ohio,OHIO,OH,1998,FALSE,gen,43.5368,56.4632,65,31,3,democrat,1,1.5523,-0.79,No,1,,,,,
Oklahoma,OKLAHOMA,OK,1998,FALSE,gen,32.0277,67.9723,65,31,3,democrat,1,1.5523,-0.79,No,1,,,,,
Oregon,OREGON,OR,1998,FALSE,gen,64.3698,35.6302,65,31,3,democrat,1,1.5523,-0.79,Yes,0,,,,,
Pennsylvania,PENNSYLVANIA,PA,1998,FALSE,gen,36.1883,63.8117,65,31,3,democrat,1,1.5523,-0.79,No,1,,,,,
South¬†Carolina,SOUTH CAROLINA,SC,1998,FALSE,gen,53.5726,46.4274,65,31,3,democrat,1,1.5523,-0.79,No,1,,,,,
South¬†Dakota,SOUTH DAKOTA,SD,1998,FALSE,gen,63.0563,36.9437,65,31,3,democrat,1,1.5523,-0.79,No,1,,,,,
Utah,UTAH,UT,1998,FALSE,gen,34.0066,65.9934,65,31,3,democrat,1,1.5523,-0.79,No,1,,,,,
Vermont,VERMONT,VT,1998,FALSE,gen,76.2849,23.7151,65,31,3,democrat,1,1.5523,-0.79,Yes,0,,,,,
Washington,WASHINGTON,WA,1998,FALSE,gen,58.4140,41.5860,65,31,3,democrat,1,1.5523,-0.79,Yes,0,,,,,
Wisconsin,WISCONSIN,WI,1998,FALSE,gen,51.0844,48.9156,65,31,3,democrat,1,1.5523,-0.79,No,1,,,,,
Alabama,ALABAMA,AL,1996,FALSE,gen,46.4312,53.5688,57,34,7,democrat,1,2.9312,0.13,No,1,,,,,
Alaska,ALASKA,AK,1996,FALSE,gen,11.8774,88.1226,57,34,7,democrat,1,2.9312,0.13,Yes,0,,,,,
Arkansas,ARKANSAS,AR,1996,FALSE,gen,47.2996,52.7004,57,34,7,democrat,1,2.9312,0.13,No,1,,,,,
Colorado,COLORADO,CO,1996,FALSE,gen,47.0832,52.9168,57,34,7,democrat,1,2.9312,0.13,Yes,0,,,,,
Georgia,GEORGIA,GA,1996,FALSE,gen,50.6893,49.3107,57,34,7,democrat,1,2.9312,0.13,No,1,,,,,
Idaho,IDAHO,ID,1996,FALSE,gen,41.1703,58.8297,57,34,7,democrat,1,2.9312,0.13,No,1,,,,,
Illinois,ILLINOIS,IL,1996,FALSE,gen,57.9653,42.0347,57,34,7,democrat,1,2.9312,0.13,Yes,0,,,,,
Iowa,IOWA,IA,1996,FALSE,gen,52.5854,47.4146,57,34,7,democrat,1,2.9312,0.13,No,1,,,,,
Kansas,KANSAS,KS,1996,FALSE,gen,35.7005,64.2995,57,34,7,democrat,1,2.9312,0.13,Yes,0,,,,,
Kansas,KANSAS,KS,1996,TRUE,gen,44.5586,55.4414,57,34,7,democrat,1,2.9312,0.13,Yes,0,,,,,
Kentucky,KENTUCKY,KY,1996,FALSE,gen,43.5873,56.4127,57,34,7,democrat,1,2.9312,0.13,No,1,,,,,
Louisiana,LOUISIANA,LA,1996,FALSE,gen,50.1702,49.8298,57,34,7,democrat,1,2.9312,0.13,No,1,,,,,
New¬†Hampshire,NEW HAMPSHIRE,NH,1996,FALSE,gen,48.4134,51.5866,57,34,7,democrat,1,2.9312,0.13,Yes,0,,,,,
North¬†Carolina,NORTH CAROLINA,NC,1996,FALSE,gen,46.5877,53.4123,57,34,7,democrat,1,2.9312,0.13,No,1,,,,,
Oklahoma,OKLAHOMA,OK,1996,FALSE,gen,41.4198,58.5802,57,34,7,democrat,1,2.9312,0.13,No,1,,,,,
Oregon,OREGON,OR,1996,FALSE,gen,47.9655,52.0345,57,34,7,democrat,1,2.9312,0.13,Yes,0,,,,,
South¬†Carolina,SOUTH CAROLINA,SC,1996,FALSE,gen,45.1845,54.8155,57,34,7,democrat,1,2.9312,0.13,No,1,,,,,
South¬†Dakota,SOUTH DAKOTA,SD,1996,FALSE,gen,51.3219,48.6781,57,34,7,democrat,1,2.9312,0.13,No,1,,,,,
Arizona,ARIZONA,AZ,1994,FALSE,gen,42.4060,57.5940,45,46,7,democrat,1,2.6074,-0.34,No,1,,,,,
California,CALIFORNIA,CA,1994,FALSE,gen,51.0398,48.9602,45,46,7,democrat,1,2.6074,-0.34,Yes,0,,,,,
Connecticut,CONNECTICUT,CT,1994,FALSE,gen,56.9969,43.0031,45,46,7,democrat,1,2.6074,-0.34,Yes,0,,,,,
Florida,FLORIDA,FL,1994,FALSE,gen,29.4847,70.5153,45,46,7,democrat,1,2.6074,-0.34,No,1,,,,,
Hawaii,HAWAII,HI,1994,FALSE,gen,74.7977,25.2023,45,46,7,democrat,1,2.6074,-0.34,Yes,0,,,,,
Indiana,INDIANA,IN,1994,FALSE,gen,31.1700,68.8300,45,46,7,democrat,1,2.6074,-0.34,No,1,,,,,
Maryland,MARYLAND,MD,1994,FALSE,gen,59.1019,40.8981,45,46,7,democrat,1,2.6074,-0.34,Yes,0,,,,,
Missouri,MISSOURI,MO,1994,FALSE,gen,37.4117,62.5883,45,46,7,democrat,1,2.6074,-0.34,No,1,,,,,
Nevada,NEVADA,NV,1994,FALSE,gen,55.4004,44.5996,45,46,7,democrat,1,2.6074,-0.34,Yes,0,,,,,
New¬†York,NEW YORK,NY,1994,FALSE,gen,59.6297,40.3703,45,46,7,democrat,1,2.6074,-0.34,Yes,0,,,,,
North¬†Dakota,NORTH DAKOTA,ND,1994,FALSE,gen,57.9830,42.0170,45,46,7,democrat,1,2.6074,-0.34,No,1,,,,,
Ohio,OHIO,OH,1994,FALSE,gen,42.3331,57.6669,45,46,7,democrat,1,2.6074,-0.34,No,1,,,,,
Oklahoma,OKLAHOMA,OK,1994,TRUE,gen,41.9828,58.0172,45,46,7,democrat,1,2.6074,-0.34,No,1,,,,,
Pennsylvania,PENNSYLVANIA,PA,1994,FALSE,gen,48.7115,51.2885,45,46,7,democrat,1,2.6074,-0.34,No,1,,,,,
Utah,UTAH,UT,1994,FALSE,gen,29.1408,70.8592,45,46,7,democrat,1,2.6074,-0.34,No,1,,,,,
Vermont,VERMONT,VT,1994,FALSE,gen,44.6362,55.3638,45,46,7,democrat,1,2.6074,-0.34,Yes,0,,,,,
Washington,WASHINGTON,WA,1994,FALSE,gen,44.2515,55.7485,45,46,7,democrat,1,2.6074,-0.34,Yes,0,,,,,
Wisconsin,WISCONSIN,WI,1994,FALSE,gen,58.8947,41.1053,45,46,7,democrat,1,2.6074,-0.34,No,1,,,,,
Alabama,ALABAMA,AL,1992,FALSE,gen,66.2063,33.7937,42,46,11,republican,0,3.0288,-1.21,No,1,,,,,
Alaska,ALASKA,AK,1992,FALSE,gen,41.9951,58.0049,42,46,11,republican,0,3.0288,-1.21,Yes,0,,,,,
Arizona,ARIZONA,AZ,1992,FALSE,gen,36.1278,63.8722,42,46,11,republican,0,3.0288,-1.21,No,1,,,,,
Arkansas,ARKANSAS,AR,1992,FALSE,gen,60.1772,39.8228,42,46,11,republican,0,3.0288,-1.21,No,1,,,,,
California,CALIFORNIA,CA,1992,FALSE,gen,52.6956,47.3044,42,46,11,republican,0,3.0288,-1.21,Yes,0,,,,,
California,CALIFORNIA,CA,1992,TRUE,gen,58.8475,41.1525,42,46,11,republican,0,3.0288,-1.21,Yes,0,,,,,
Colorado,COLORADO,CO,1992,FALSE,gen,54.8013,45.1987,42,46,11,republican,0,3.0288,-1.21,Yes,0,,,,,
Connecticut,CONNECTICUT,CT,1992,FALSE,gen,50.2447,49.7553,42,46,11,republican,0,3.0288,-1.21,Yes,0,,,,,
Florida,FLORIDA,FL,1992,FALSE,gen,65.4075,34.5925,42,46,11,republican,0,3.0288,-1.21,No,1,,,,,
Georgia,GEORGIA,GA,1992,FALSE,gen,49.3526,50.6474,42,46,11,republican,0,3.0288,-1.21,No,1,,,,,
Hawaii,HAWAII,HI,1992,FALSE,gen,68.0177,31.9823,42,46,11,republican,0,3.0288,-1.21,Yes,0,,,,,
Idaho,IDAHO,ID,1992,FALSE,gen,43.4763,56.5237,42,46,11,republican,0,3.0288,-1.21,No,1,,,,,
Illinois,ILLINOIS,IL,1992,FALSE,gen,55.3004,44.6996,42,46,11,republican,0,3.0288,-1.21,Yes,0,,,,,
Indiana,INDIANA,IN,1992,FALSE,gen,41.5174,58.4826,42,46,11,republican,0,3.0288,-1.21,No,1,,,,,
Iowa,IOWA,IA,1992,FALSE,gen,28.0952,71.9048,42,46,11,republican,0,3.0288,-1.21,No,1,,,,,
Kansas,KANSAS,KS,1992,FALSE,gen,33.1061,66.8939,42,46,11,republican,0,3.0288,-1.21,Yes,0,,,,,
Kentucky,KENTUCKY,KY,1992,FALSE,gen,63.7147,36.2853,42,46,11,republican,0,3.0288,-1.21,No,1,,,,,
Louisiana,LOUISIANA,LA,1992,FALSE,gen,100.0000,,42,46,11,republican,0,3.0288,-1.21,No,1,,,,,
Maryland,MARYLAND,MD,1992,FALSE,gen,71.0157,28.9843,42,46,11,republican,0,3.0288,-1.21,Yes,0,,,,,
Missouri,MISSOURI,MO,1992,FALSE,gen,46.4047,53.5953,42,46,11,republican,0,3.0288,-1.21,No,1,,,,,
Nevada,NEVADA,NV,1992,FALSE,gen,55.9370,44.0630,42,46,11,republican,0,3.0288,-1.21,Yes,0,,,,,
New¬†Hampshire,NEW HAMPSHIRE,NH,1992,FALSE,gen,48.4926,51.5074,42,46,11,republican,0,3.0288,-1.21,Yes,0,,,,,
New¬†York,NEW YORK,NY,1992,FALSE,gen,52.5928,47.4072,42,46,11,republican,0,3.0288,-1.21,Yes,0,,,,,
North¬†Carolina,NORTH CAROLINA,NC,1992,FALSE,gen,47.9157,52.0843,42,46,11,republican,0,3.0288,-1.21,No,1,,,,,
North¬†Dakota,NORTH DAKOTA,ND,1992,FALSE,gen,60.2829,39.7171,42,46,11,republican,0,3.0288,-1.21,No,1,,,,,
Ohio,OHIO,OH,1992,FALSE,gen,54.6517,45.3483,42,46,11,republican,0,3.0288,-1.21,No,1,,,,,
Oklahoma,OKLAHOMA,OK,1992,FALSE,gen,39.4777,60.5223,42,46,11,republican,0,3.0288,-1.21,No,1,,,,,
Oregon,OREGON,OR,1992,FALSE,gen,47.1412,52.8588,42,46,11,republican,0,3.0288,-1.21,Yes,0,,,,,
Pennsylvania,PENNSYLVANIA,PA,1992,FALSE,gen,48.5473,51.4527,42,46,11,republican,0,3.0288,-1.21,No,1,,,,,
South¬†Carolina,SOUTH CAROLINA,SC,1992,FALSE,gen,51.6091,48.3909,42,46,11,republican,0,3.0288,-1.21,No,1,,,,,
South¬†Dakota,SOUTH DAKOTA,SD,1992,FALSE,gen,66.6287,33.3713,42,46,11,republican,0,3.0288,-1.21,No,1,,,,,
Utah,UTAH,UT,1992,FALSE,gen,41.7620,58.2380,42,46,11,republican,0,3.0288,-1.21,No,1,,,,,
Vermont,VERMONT,VT,1992,FALSE,gen,55.5467,44.4533,42,46,11,republican,0,3.0288,-1.21,Yes,0,,,,,
Washington,WASHINGTON,WA,1992,FALSE,gen,53.9919,46.0081,42,46,11,republican,0,3.0288,-1.21,Yes,0,,,,,
Wisconsin,WISCONSIN,WI,1992,FALSE,gen,53.3274,46.6726,42,46,11,republican,0,3.0288,-1.21,No,1,,,,,
Alabama,ALABAMA,AL,1990,FALSE,gen,60.5748,39.4252,57,33,8,republican,0,5.398,0.57,No,1,,,,,
Alaska,ALASKA,AK,1990,FALSE,gen,32.7090,67.2910,57,33,8,republican,0,5.398,0.57,Yes,0,,,,,
Arkansas,ARKANSAS,AR,1990,FALSE,gen,100.0000,,57,33,8,republican,0,5.398,0.57,No,1,,,,,
Colorado,COLORADO,CO,1990,FALSE,gen,42.7974,57.2026,57,33,8,republican,0,5.398,0.57,Yes,0,,,,,
Georgia,GEORGIA,GA,1990,FALSE,gen,100.0000,,57,33,8,republican,0,5.398,0.57,No,1,,,,,
Hawaii,HAWAII,HI,1990,TRUE,gen,54.7731,45.2269,57,33,8,republican,0,5.398,0.57,Yes,0,,,,,
Idaho,IDAHO,ID,1990,FALSE,gen,38.7088,61.2912,57,33,8,republican,0,5.398,0.57,No,1,,,,,
Illinois,ILLINOIS,IL,1990,FALSE,gen,65.0684,34.9316,57,33,8,republican,0,5.398,0.57,Yes,0,,,,,
Indiana,INDIANA,IN,1990,TRUE,gen,46.3596,53.6404,57,33,8,republican,0,5.398,0.57,No,1,,,,,
Iowa,IOWA,IA,1990,FALSE,gen,54.5331,45.4669,57,33,8,republican,0,5.398,0.57,No,1,,,,,
Kansas,KANSAS,KS,1990,FALSE,gen,26.3951,73.6049,57,33,8,republican,0,5.398,0.57,Yes,0,,,,,
Kentucky,KENTUCKY,KY,1990,FALSE,gen,47.8135,52.1865,57,33,8,republican,0,5.398,0.57,No,1,,,,,
Louisiana,LOUISIANA,LA,1990,FALSE,gen,100.0000,,57,33,8,republican,0,5.398,0.57,No,1,,,,,
New¬†Hampshire,NEW HAMPSHIRE,NH,1990,FALSE,gen,32.4802,67.5198,57,33,8,republican,0,5.398,0.57,Yes,0,,,,,
North¬†Carolina,NORTH CAROLINA,NC,1990,FALSE,gen,47.4441,52.5559,57,33,8,republican,0,5.398,0.57,No,1,,,,,
Oklahoma,OKLAHOMA,OK,1990,FALSE,gen,83.1753,16.8247,57,33,8,republican,0,5.398,0.57,No,1,,,,,
Oregon,OREGON,OR,1990,FALSE,gen,46.2494,53.7506,57,33,8,republican,0,5.398,0.57,Yes,0,,,,,
South¬†Carolina,SOUTH CAROLINA,SC,1990,FALSE,gen,33.6176,66.3824,57,33,8,republican,0,5.398,0.57,No,1,,,,,
South¬†Dakota,SOUTH DAKOTA,SD,1990,FALSE,gen,46.2452,53.7548,57,33,8,republican,0,5.398,0.57,No,1,,,,,
Arizona,ARIZONA,AZ,1988,FALSE,gen,58.0083,41.9917,56,35,8,republican,0,4.0777,0.41,No,1,,,,,
California,CALIFORNIA,CA,1988,FALSE,gen,45.4608,54.5392,56,35,8,republican,0,4.0777,0.41,Yes,0,,,,,
Connecticut,CONNECTICUT,CT,1988,FALSE,gen,50.3674,49.6326,56,35,8,republican,0,4.0777,0.41,Yes,0,,,,,
Florida,FLORIDA,FL,1988,FALSE,gen,49.5757,50.4243,56,35,8,republican,0,4.0777,0.41,No,1,,,,,
Hawaii,HAWAII,HI,1988,FALSE,gen,78.7294,21.2706,56,35,8,republican,0,4.0777,0.41,Yes,0,,,,,
Indiana,INDIANA,IN,1988,FALSE,gen,31.8571,68.1429,56,35,8,republican,0,4.0777,0.41,No,1,,,,,
Maryland,MARYLAND,MD,1988,FALSE,gen,61.8027,38.1973,56,35,8,republican,0,4.0777,0.41,Yes,0,,,,,
Missouri,MISSOURI,MO,1988,FALSE,gen,31.9254,68.0746,56,35,8,republican,0,4.0777,0.41,No,1,,,,,
Nevada,NEVADA,NV,1988,FALSE,gen,52.1093,47.8907,56,35,8,republican,0,4.0777,0.41,Yes,0,,,,,
New¬†York,NEW YORK,NY,1988,FALSE,gen,69.8492,30.1508,56,35,8,republican,0,4.0777,0.41,Yes,0,,,,,
North¬†Dakota,NORTH DAKOTA,ND,1988,FALSE,gen,60.3502,39.6498,56,35,8,republican,0,4.0777,0.41,No,1,,,,,
Ohio,OHIO,OH,1988,FALSE,gen,56.9763,43.0237,56,35,8,republican,0,4.0777,0.41,No,1,,,,,
Pennsylvania,PENNSYLVANIA,PA,1988,FALSE,gen,32.8070,67.1930,56,35,8,republican,0,4.0777,0.41,No,1,,,,,
Utah,UTAH,UT,1988,FALSE,gen,32.1040,67.8960,56,35,8,republican,0,4.0777,0.41,No,1,,,,,
Vermont,VERMONT,VT,1988,FALSE,gen,30.4548,69.5452,56,35,8,republican,0,4.0777,0.41,Yes,0,,,,,
Washington,WASHINGTON,WA,1988,FALSE,gen,48.9133,51.0867,56,35,8,republican,0,4.0777,0.41,Yes,0,,,,,
Wisconsin,WISCONSIN,WI,1988,FALSE,gen,52.2738,47.7262,56,35,8,republican,0,4.0777,0.41,No,1,,,,,
Alabama,ALABAMA,AL,1986,FALSE,gen,50.2815,49.7185,64,28,7,republican,0,1.898,-1.65,No,1,,,,,
Alaska,ALASKA,AK,1986,FALSE,gen,44.9417,55.0583,64,28,7,republican,0,1.898,-1.65,Yes,0,,,,,
Arizona,ARIZONA,AZ,1986,FALSE,gen,39.5177,60.4823,64,28,7,republican,0,1.898,-1.65,No,1,,,,,
Arkansas,ARKANSAS,AR,1986,FALSE,gen,62.2807,37.7193,64,28,7,republican,0,1.898,-1.65,No,1,,,,,
California,CALIFORNIA,CA,1986,FALSE,gen,50.7294,49.2706,64,28,7,republican,0,1.898,-1.65,Yes,0,,,,,
Colorado,COLORADO,CO,1986,FALSE,gen,50.7893,49.2107,64,28,7,republican,0,1.898,-1.65,Yes,0,,,,,
Connecticut,CONNECTICUT,CT,1986,FALSE,gen,65.0163,34.9837,64,28,7,republican,0,1.898,-1.65,Yes,0,,,,,
Florida,FLORIDA,FL,1986,FALSE,gen,54.7402,45.2598,64,28,7,republican,0,1.898,-1.65,No,1,,,,,
Georgia,GEORGIA,GA,1986,FALSE,gen,50.9170,49.0830,64,28,7,republican,0,1.898,-1.65,No,1,,,,,
Hawaii,HAWAII,HI,1986,FALSE,gen,73.5673,26.4327,64,28,7,republican,0,1.898,-1.65,Yes,0,,,,,
Idaho,IDAHO,ID,1986,FALSE,gen,48.4436,51.5564,64,28,7,republican,0,1.898,-1.65,No,1,,,,,
Illinois,ILLINOIS,IL,1986,FALSE,gen,65.8712,34.1288,64,28,7,republican,0,1.898,-1.65,Yes,0,,,,,
Indiana,INDIANA,IN,1986,FALSE,gen,38.8675,61.1325,64,28,7,republican,0,1.898,-1.65,No,1,,,,,
Iowa,IOWA,IA,1986,FALSE,gen,33.7060,66.2940,64,28,7,republican,0,1.898,-1.65,No,1,,,,,
Kansas,KANSAS,KS,1986,FALSE,gen,29.9507,70.0493,64,28,7,republican,0,1.898,-1.65,Yes,0,,,,,
Kentucky,KENTUCKY,KY,1986,FALSE,gen,74.4013,25.5987,64,28,7,republican,0,1.898,-1.65,No,1,,,,,
Louisiana,LOUISIANA,LA,1986,FALSE,gen,52.8205,47.1795,64,28,7,republican,0,1.898,-1.65,No,1,,,,,
Maryland,MARYLAND,MD,1986,FALSE,gen,60.6870,39.3130,64,28,7,republican,0,1.898,-1.65,Yes,0,,,,,
Missouri,MISSOURI,MO,1986,FALSE,gen,47.3603,52.6397,64,28,7,republican,0,1.898,-1.65,No,1,,,,,
Nevada,NEVADA,NV,1986,FALSE,gen,52.8981,47.1019,64,28,7,republican,0,1.898,-1.65,Yes,0,,,,,
New¬†Hampshire,NEW HAMPSHIRE,NH,1986,FALSE,gen,33.9554,66.0446,64,28,7,republican,0,1.898,-1.65,Yes,0,,,,,
New¬†York,NEW YORK,NY,1986,FALSE,gen,45.9099,54.0901,64,28,7,republican,0,1.898,-1.65,Yes,0,,,,,
North¬†Carolina,NORTH CAROLINA,NC,1986,TRUE,gen,50.8824,49.1176,64,28,7,republican,0,1.898,-1.65,No,1,,,,,
North¬†Dakota,NORTH DAKOTA,ND,1986,FALSE,gen,50.3710,49.6290,64,28,7,republican,0,1.898,-1.65,No,1,,,,,
Ohio,OHIO,OH,1986,FALSE,gen,62.4526,37.5474,64,28,7,republican,0,1.898,-1.65,No,1,,,,,
Oklahoma,OKLAHOMA,OK,1986,FALSE,gen,44.7852,55.2148,64,28,7,republican,0,1.898,-1.65,No,1,,,,,
Oregon,OREGON,OR,1986,FALSE,gen,36.4066,63.5934,64,28,7,republican,0,1.898,-1.65,Yes,0,,,,,
Pennsylvania,PENNSYLVANIA,PA,1986,FALSE,gen,43.1691,56.8309,64,28,7,republican,0,1.898,-1.65,No,1,,,,,
South¬†Carolina,SOUTH CAROLINA,SC,1986,FALSE,gen,63.9084,36.0916,64,28,7,republican,0,1.898,-1.65,No,1,,,,,
South¬†Dakota,SOUTH DAKOTA,SD,1986,FALSE,gen,51.6029,48.3971,64,28,7,republican,0,1.898,-1.65,No,1,,,,,
Utah,UTAH,UT,1986,FALSE,gen,26.8576,73.1424,64,28,7,republican,0,1.898,-1.65,No,1,,,,,
Vermont,VERMONT,VT,1986,FALSE,gen,64.6740,35.3260,64,28,7,republican,0,1.898,-1.65,Yes,0,,,,,
Washington,WASHINGTON,WA,1986,FALSE,gen,50.9989,49.0011,64,28,7,republican,0,1.898,-1.65,Yes,0,,,,,
Wisconsin,WISCONSIN,WI,1986,FALSE,gen,48.2295,51.7705,64,28,7,republican,0,1.898,-1.65,No,1,,,,,
Alabama,ALABAMA,AL,1984,FALSE,gen,63.3192,36.6808,61,30,8,republican,0,4.3005,1.09,No,1,,,,,
Alaska,ALASKA,AK,1984,FALSE,gen,28.5841,71.4159,61,30,8,republican,0,4.3005,1.09,Yes,0,,,,,
Arkansas,ARKANSAS,AR,1984,FALSE,gen,57.3477,42.6523,61,30,8,republican,0,4.3005,1.09,No,1,,,,,
Colorado,COLORADO,CO,1984,FALSE,gen,35.0176,64.9824,61,30,8,republican,0,4.3005,1.09,Yes,0,,,,,
Georgia,GEORGIA,GA,1984,FALSE,gen,79.9443,20.0557,61,30,8,republican,0,4.3005,1.09,No,1,,,,,
Idaho,IDAHO,ID,1984,FALSE,gen,26.4782,73.5218,61,30,8,republican,0,4.3005,1.09,No,1,,,,,
Illinois,ILLINOIS,IL,1984,FALSE,gen,50.9471,49.0529,61,30,8,republican,0,4.3005,1.09,Yes,0,,,,,
Iowa,IOWA,IA,1984,FALSE,gen,55.9512,44.0488,61,30,8,republican,0,4.3005,1.09,No,1,,,,,
Kansas,KANSAS,KS,1984,FALSE,gen,21.8421,78.1579,61,30,8,republican,0,4.3005,1.09,Yes,0,,,,,
Kentucky,KENTUCKY,KY,1984,FALSE,gen,100.0000,,61,30,8,republican,0,4.3005,1.09,No,1,,,,,
Louisiana,LOUISIANA,LA,1984,FALSE,gen,100.0000,,61,30,8,republican,0,4.3005,1.09,No,1,,,,,
New¬†Hampshire,NEW HAMPSHIRE,NH,1984,FALSE,gen,41.0794,58.9206,61,30,8,republican,0,4.3005,1.09,Yes,0,,,,,
North¬†Carolina,NORTH CAROLINA,NC,1984,FALSE,gen,48.0631,51.9369,61,30,8,republican,0,4.3005,1.09,No,1,,,,,
Oklahoma,OKLAHOMA,OK,1984,FALSE,gen,76.3528,23.6472,61,30,8,republican,0,4.3005,1.09,No,1,,,,,
Oregon,OREGON,OR,1984,FALSE,gen,33.4457,66.5543,61,30,8,republican,0,4.3005,1.09,Yes,0,,,,,
South¬†Carolina,SOUTH CAROLINA,SC,1984,FALSE,gen,32.2529,67.7471,61,30,8,republican,0,4.3005,1.09,No,1,,,,,
South¬†Dakota,SOUTH DAKOTA,SD,1984,FALSE,gen,25.5096,74.4904,61,30,8,republican,0,4.3005,1.09,No,1,,,,,
Arizona,ARIZONA,AZ,1982,FALSE,gen,58.5418,41.4582,42,47,10,republican,0,6.1314,-4.2,No,1,,,,,
California,CALIFORNIA,CA,1982,FALSE,gen,46.4909,53.5091,42,47,10,republican,0,6.1314,-4.2,Yes,0,,,,,
Connecticut,CONNECTICUT,CT,1982,FALSE,gen,47.7591,52.2409,42,47,10,republican,0,6.1314,-4.2,Yes,0,,,,,
Florida,FLORIDA,FL,1982,FALSE,gen,61.7289,38.2711,42,47,10,republican,0,6.1314,-4.2,No,1,,,,,
Hawaii,HAWAII,HI,1982,FALSE,gen,82.4946,17.5054,42,47,10,republican,0,6.1314,-4.2,Yes,0,,,,,
Indiana,INDIANA,IN,1982,FALSE,gen,45.8515,54.1485,42,47,10,republican,0,6.1314,-4.2,No,1,,,,,
Maryland,MARYLAND,MD,1982,FALSE,gen,63.4576,36.5424,42,47,10,republican,0,6.1314,-4.2,Yes,0,,,,,
Missouri,MISSOURI,MO,1982,FALSE,gen,49.1498,50.8502,42,47,10,republican,0,6.1314,-4.2,No,1,,,,,
Nevada,NEVADA,NV,1982,FALSE,gen,48.7969,51.2031,42,47,10,republican,0,6.1314,-4.2,Yes,0,,,,,
New¬†York,NEW YORK,NY,1982,FALSE,gen,68.5782,31.4218,42,47,10,republican,0,6.1314,-4.2,Yes,0,,,,,
North¬†Dakota,NORTH DAKOTA,ND,1982,FALSE,gen,64.8654,35.1346,42,47,10,republican,0,6.1314,-4.2,No,1,,,,,
Ohio,OHIO,OH,1982,FALSE,gen,57.9351,42.0649,42,47,10,republican,0,6.1314,-4.2,No,1,,,,,
Pennsylvania,PENNSYLVANIA,PA,1982,FALSE,gen,39.8087,60.1913,42,47,10,republican,0,6.1314,-4.2,No,1,,,,,
Utah,UTAH,UT,1982,FALSE,gen,41.5046,58.4954,42,47,10,republican,0,6.1314,-4.2,No,1,,,,,
Vermont,VERMONT,VT,1982,FALSE,gen,48.4404,51.5596,42,47,10,republican,0,6.1314,-4.2,Yes,0,,,,,
Washington,WASHINGTON,WA,1982,FALSE,gen,73.9583,26.0417,42,47,10,republican,0,6.1314,-4.2,Yes,0,,,,,
Wisconsin,WISCONSIN,WI,1982,FALSE,gen,65.0912,34.9088,42,47,10,republican,0,6.1314,-4.2,No,1,,,,,
Alabama,ALABAMA,AL,1980,FALSE,gen,48.4060,51.5940,31,56,12,democrat,1,13.5492,2.29,No,1,,,,,
Alaska,ALASKA,AK,1980,FALSE,gen,46.1093,53.8907,31,56,12,democrat,1,13.5492,2.29,Yes,0,,,,,
Arizona,ARIZONA,AZ,1980,FALSE,gen,49.4506,50.5494,31,56,12,democrat,1,13.5492,2.29,No,1,,,,,
Arkansas,ARKANSAS,AR,1980,FALSE,gen,59.1115,40.8885,31,56,12,democrat,1,13.5492,2.29,No,1,,,,,
California,CALIFORNIA,CA,1980,FALSE,gen,60.3417,39.6583,31,56,12,democrat,1,13.5492,2.29,Yes,0,,,,,
Colorado,COLORADO,CO,1980,FALSE,gen,50.8266,49.1734,31,56,12,democrat,1,13.5492,2.29,Yes,0,,,,,
Connecticut,CONNECTICUT,CT,1980,FALSE,gen,56.7647,43.2353,31,56,12,democrat,1,13.5492,2.29,Yes,0,,,,,
Florida,FLORIDA,FL,1980,FALSE,gen,48.3411,51.6589,31,56,12,democrat,1,13.5492,2.29,No,1,,,,,
Georgia,GEORGIA,GA,1980,FALSE,gen,49.1283,50.8717,31,56,12,democrat,1,13.5492,2.29,No,1,,,,,
Hawaii,HAWAII,HI,1980,FALSE,gen,80.8800,19.1200,31,56,12,democrat,1,13.5492,2.29,Yes,0,,,,,
Idaho,IDAHO,ID,1980,FALSE,gen,49.5080,50.4920,31,56,12,democrat,1,13.5492,2.29,No,1,,,,,
Illinois,ILLINOIS,IL,1980,FALSE,gen,56.8602,43.1398,31,56,12,democrat,1,13.5492,2.29,Yes,0,,,,,
Indiana,INDIANA,IN,1980,FALSE,gen,46.2142,53.7858,31,56,12,democrat,1,13.5492,2.29,No,1,,,,,
Iowa,IOWA,IA,1980,FALSE,gen,45.9880,54.0120,31,56,12,democrat,1,13.5492,2.29,No,1,,,,,
Kansas,KANSAS,KS,1980,FALSE,gen,36.2393,63.7607,31,56,12,democrat,1,13.5492,2.29,Yes,0,,,,,
Kentucky,KENTUCKY,KY,1980,FALSE,gen,65.1258,34.8742,31,56,12,democrat,1,13.5492,2.29,No,1,,,,,
Louisiana,LOUISIANA,LA,1980,FALSE,gen,97.1309,2.8691,31,56,12,democrat,1,13.5492,2.29,No,1,,,,,
Maryland,MARYLAND,MD,1980,FALSE,gen,33.8327,66.1673,31,56,12,democrat,1,13.5492,2.29,Yes,0,,,,,
Missouri,MISSOURI,MO,1980,FALSE,gen,52.1711,47.8289,31,56,12,democrat,1,13.5492,2.29,No,1,,,,,
Nevada,NEVADA,NV,1980,FALSE,gen,38.9794,61.0206,31,56,12,democrat,1,13.5492,2.29,Yes,0,,,,,
New¬†Hampshire,NEW HAMPSHIRE,NH,1980,FALSE,gen,47.8529,52.1471,31,56,12,democrat,1,13.5492,2.29,Yes,0,,,,,
New¬†York,NEW YORK,NY,1980,FALSE,gen,53.5432,46.4568,31,56,12,democrat,1,13.5492,2.29,Yes,0,,,,,
North¬†Carolina,NORTH CAROLINA,NC,1980,FALSE,gen,49.7085,50.2915,31,56,12,democrat,1,13.5492,2.29,No,1,,,,,
Ohio,OHIO,OH,1980,FALSE,gen,70.8916,29.1084,31,56,12,democrat,1,13.5492,2.29,No,1,,,,,
Oklahoma,OKLAHOMA,OK,1980,FALSE,gen,44.8867,55.1133,31,56,12,democrat,1,13.5492,2.29,No,1,,,,,
Oregon,OREGON,OR,1980,FALSE,gen,45.7890,54.2110,31,56,12,democrat,1,13.5492,2.29,Yes,0,,,,,
Pennsylvania,PENNSYLVANIA,PA,1980,FALSE,gen,48.7593,51.2407,31,56,12,democrat,1,13.5492,2.29,No,1,,,,,
South¬†Carolina,SOUTH CAROLINA,SC,1980,FALSE,gen,70.3681,29.6319,31,56,12,democrat,1,13.5492,2.29,No,1,,,,,
South¬†Dakota,SOUTH DAKOTA,SD,1980,FALSE,gen,40.3671,59.6329,31,56,12,democrat,1,13.5492,2.29,No,1,,,,,
Utah,UTAH,UT,1980,FALSE,gen,25.7081,74.2919,31,56,12,democrat,1,13.5492,2.29,No,1,,,,,
Vermont,VERMONT,VT,1980,FALSE,gen,50.6700,49.3300,31,56,12,democrat,1,13.5492,2.29,Yes,0,,,,,
Washington,WASHINGTON,WA,1980,FALSE,gen,45.8266,54.1734,31,56,12,democrat,1,13.5492,2.29,Yes,0,,,,,
Wisconsin,WISCONSIN,WI,1980,FALSE,gen,49.0601,50.9399,31,56,12,democrat,1,13.5492,2.29,No,1,,,,,
Alabama,ALABAMA,AL,1978,FALSE,gen,100,0.0000,50,33,16,democrat,1,7.631,1.13,No,1,,,,,
Alabama,ALABAMA,AL,1978,TRUE,gen,55.9665,44.0335,50,33,16,democrat,1,7.631,1.13,No,1,,,,,
Alaska,ALASKA,AK,1978,FALSE,gen,24.1703,75.8297,50,33,16,democrat,1,7.631,1.13,Yes,0,,,,,
Arkansas,ARKANSAS,AR,1978,FALSE,gen,82.4290,17.5710,50,33,16,democrat,1,7.631,1.13,No,1,,,,,
Colorado,COLORADO,CO,1978,FALSE,gen,40.7113,59.2887,50,33,16,democrat,1,7.631,1.13,Yes,0,,,,,
Georgia,GEORGIA,GA,1978,FALSE,gen,83.1339,16.8661,50,33,16,democrat,1,7.631,1.13,No,1,,,,,
Idaho,IDAHO,ID,1978,FALSE,gen,31.5564,68.4436,50,33,16,democrat,1,7.631,1.13,No,1,,,,,
Illinois,ILLINOIS,IL,1978,FALSE,gen,46.0195,53.9805,50,33,16,democrat,1,7.631,1.13,Yes,0,,,,,
Iowa,IOWA,IA,1978,FALSE,gen,48.3756,51.6244,50,33,16,democrat,1,7.631,1.13,No,1,,,,,
Kansas,KANSAS,KS,1978,FALSE,gen,44.0529,55.9471,50,33,16,democrat,1,7.631,1.13,Yes,0,,,,,
Kentucky,KENTUCKY,KY,1978,FALSE,gen,62.3221,37.6779,50,33,16,democrat,1,7.631,1.13,No,1,,,,,
Louisiana,LOUISIANA,LA,1978,FALSE,gen,100.0000,,50,33,16,democrat,1,7.631,1.13,No,1,,,,,
New¬†Hampshire,NEW HAMPSHIRE,NH,1978,FALSE,gen,48.8918,51.1082,50,33,16,democrat,1,7.631,1.13,Yes,0,,,,,
North¬†Carolina,NORTH CAROLINA,NC,1978,FALSE,gen,45.4883,54.5117,50,33,16,democrat,1,7.631,1.13,No,1,,,,,
Oklahoma,OKLAHOMA,OK,1978,FALSE,gen,66.5875,33.4125,50,33,16,democrat,1,7.631,1.13,No,1,,,,,
Oregon,OREGON,OR,1978,FALSE,gen,38.3072,61.6928,50,33,16,democrat,1,7.631,1.13,Yes,0,,,,,
South¬†Carolina,SOUTH CAROLINA,SC,1978,FALSE,gen,44.3225,55.6775,50,33,16,democrat,1,7.631,1.13,No,1,,,,,
South¬†Dakota,SOUTH DAKOTA,SD,1978,FALSE,gen,33.1641,66.8359,50,33,16,democrat,1,7.631,1.13,No,1,,,,,
Arizona,ARIZONA,AZ,1976,FALSE,gen,55.4810,44.5190,45,39,14,republican,0,5.7448,-3.4,No,1,,,,,
California,CALIFORNIA,CA,1976,FALSE,gen,48.3031,51.6969,45,39,14,republican,0,5.7448,-3.4,Yes,0,,,,,
Connecticut,CONNECTICUT,CT,1976,FALSE,gen,41.6587,58.3413,45,39,14,republican,0,5.7448,-3.4,Yes,0,,,,,
Florida,FLORIDA,FL,1976,FALSE,gen,62.9774,37.0226,45,39,14,republican,0,5.7448,-3.4,No,1,,,,,
Hawaii,HAWAII,HI,1976,FALSE,gen,56.9433,43.0567,45,39,14,republican,0,5.7448,-3.4,Yes,0,,,,,
Indiana,INDIANA,IN,1976,FALSE,gen,40.5027,59.4973,45,39,14,republican,0,5.7448,-3.4,No,1,,,,,
Maryland,MARYLAND,MD,1976,FALSE,gen,59.2766,40.7234,45,39,14,republican,0,5.7448,-3.4,Yes,0,,,,,
Missouri,MISSOURI,MO,1976,FALSE,gen,42.7377,57.2623,45,39,14,republican,0,5.7448,-3.4,No,1,,,,,
Nevada,NEVADA,NV,1976,FALSE,gen,66.7142,33.2858,45,39,14,republican,0,5.7448,-3.4,Yes,0,,,,,
New¬†York,NEW YORK,NY,1976,FALSE,gen,56.1885,43.8115,45,39,14,republican,0,5.7448,-3.4,Yes,0,,,,,
North¬†Dakota,NORTH DAKOTA,ND,1976,FALSE,gen,62.9470,37.0530,45,39,14,republican,0,5.7448,-3.4,No,1,,,,,
Ohio,OHIO,OH,1976,FALSE,gen,51.5583,48.4417,45,39,14,republican,0,5.7448,-3.4,No,1,,,,,
Pennsylvania,PENNSYLVANIA,PA,1976,FALSE,gen,47.1732,52.8268,45,39,14,republican,0,5.7448,-3.4,No,1,,,,,
Utah,UTAH,UT,1976,FALSE,gen,43.5553,56.4447,45,39,14,republican,0,5.7448,-3.4,No,1,,,,,
Vermont,VERMONT,VT,1976,FALSE,gen,47.5580,52.4420,45,39,14,republican,0,5.7448,-3.4,Yes,0,,,,,
Washington,WASHINGTON,WA,1976,FALSE,gen,74.7659,25.2341,45,39,14,republican,0,5.7448,-3.4,Yes,0,,,,,
Wisconsin,WISCONSIN,WI,1976,FALSE,gen,72.8016,27.1984,45,39,14,republican,0,5.7448,-3.4,No,1,,,,,